1,{1:Show} a avoué que {2:Show} et {0:ShowList_i_r_we_they} ont cessé d'être ennemis
2,{2:ShowS} a abattu {1:ShowP} et s'attend à avoir une amende
3,{1:Show} n'était pas assez gonfler pour convaincre {2:Show} qu'ils devraient se décider
4,{1:Show} fait la paix avec {2:Show} en lui laissant exprimer son point de vue
5,{0:ShowList_i_r_and} ont arrêté d'être ennemis et se sont demandés pourquoi pesonne ne voulait se battre contre eux
6,{2:ShowS} s'est moqué de {1:ShowO} pour avoir pensé qu'il serait facile de tout avouer
7,{0:ShowCKB}s brought {0:ShowList_i_r_andp} back together
8,il s'est avéré que {0:ShowCKB} n'étaient pas suffisant pour {0:ShowList_i_r_andp} remettre ensemble
9,{2:ShowS} était assez agréable pour arrêter d'être ennemis avec {1:ShowO}
10,{1:Show} a modifié son attirance actuelle par une déclaration d'amour à {2:Show}
11,{1:Show} a fièrement réglé ses problèmes avec {2:Show}
12,{2:ShowS} a réouvert d'anciennes plaies lorsque {1:ShowS} a tenté de se réconcilier avec {2:ShowPron_him_her}
13,{2:ShowS} était trop rancunier pour régler son problème avec {1:ShowO}
14,{0:ShowList_i_r_and} a obtenu gain de cause de leur dispute et vont devenir un couple heureux
15,{0:ShowList_i_r_and} ont continué à se battre les uns avec les autres
16,{1:Show} a réglé intelligemment son problème avec {2:Show}
21,{1:Show} a essayé d'aider {2:Show} contre {3:Show} mais {2:ShowPron_he_she} a changé de côté
24,{2:ShowS} n'a ressenti aucun remord pour son comportement inadapté envers {1:ShowO}
25,{2:ShowS} s'excuse d'avoir été un mauvais ami pour {1:ShowO}
26,{2:ShowS} a aidé {1:ShowO} à prendre une décision concernant {3:Show}
29,{2:ShowS} a présenté des excuses pour éviter d'aider {1:ShowO}
30,{1:Show} a tenté de rallier {2:Show} pour l'aider mais {2:ShowPron_he_she} a dit que le vieux {2:Show} était mort
31,{2:ShowS} a aidé {1:ShowO} avec ce problème embarassant
33,{2:ShowS} a résisté à {1:ShowP} concernant des demandes menacantes
39,{2:ShowS} a dit à {1:ShowO} qu' {2:ShowPron_he_she} ne supporterait en aucun cas sa relation néfaste avec {3:Show}
41,{2:ShowS} était indifférent pour faire quelque faveur à {1:ShowS}
42,{2:ShowS} était un ami dans le besoin
43,{2:ShowS} a laissé {1:ShowO} sombrer dans ses besoins
44,{2:ShowS} a prêté à {1:ShowO} {2:ShowPron_his_her} {0:ShowCKB}
45,{2:ShowS} a refusé de prêter à {1:ShowO} {2:ShowPron_his_her} {0:ShowCKB}
46,{2:ShowS} a aidé son amour
49,{1:Show} a tenté de poignarder dans le dos {2:Show} pour quitter la relation
50,{1:Show} a détruit son amitié avec {2:Show}
51,{1:Show} a tenté de poignarder {2:Show} dans le dos mais {2:ShowS} ne s'en ai pas inquiété
52,{1:Show} a tenté de ruiner la vie sociale de {2:ShowP}
55,"{1:Show} a avoué quelque chose au rencard à {2:ShowP} , mais {2:ShowS} l'a laissé partir"
56,{1:Show} a laissé passé ce secret et a poignardé dans le dos {1:ShowPron_his_her} {2:ShowGender_boyfriend_girlfriend}
58,{1:Show} a renversé {2:ShowP} en secret et a totalement ruiné sa réputation
59,{2:Show} a ri quand {1:ShowS} l'a menacé de {2:ShowPron_him_her} poignarder
60,{1:Show} a poignardé {2:Show} dans le dos
61,{2:Show} s'est excusé pour la chose qu' {2:ShowPron_he_she} a fait à {1:Show}
63,{1:Show} a tenté de persuader {2:ShowP} de couper ses cheveux mais {2:ShowPron_he_she} {2:ShowPron_was_were} totalement à l'aise avec cela
65,{0:ShowList_i_r_and} ont eu un combat étonnant
66,{1:Show} a continué à élever cette chose que {2:ShowS} avait
67,{2:Show} a continué à aider {1:ShowS}
68,{0:ShowList_i_r_and} étaient vraiment sur les nerfs l'un et l'autre
69,{0:ShowList_i_r_and} se chamaillaient comme un vieux couple marié
71,{1:Show} a accusé {2:Show} d'avoir des sentiments romantiques
72,{3:Show} est devenu {0:ShowList_i_r_andp} ami
73,{0:ShowList_i_r_and} got into some snide bickering action
74,{1:Show} s'est chamaillé avec {2:Show} mais ca c'est transformé en compliment
75,{1:Show} s'est chamaillé avec {2:Show} à cause de son attitude collante
76,{1:Show} s'est chamaillé avec {2:Show}
77,{1:Show} s'est chamaillé avec {2:ShowP} à cause de son style
78,{1:Show} a averti {2:Show} de rester loin de {3:Show}
79,{1:Show} s'est chamaillé avec {2:Show} mais lui a ensuite donné un compliment
80,{1:Show} a essayé d'être une garce mais {2:ShowS} l'a tout de suite arrêter
84,{1:Show} s'est chamaillé à propos du fait que {2:ShowS} était ami avec {3:Show}
87,{1:Show} a essayé de faire échoucher les plans de {2:Show}
88,{1:Show} a fait échoué ses plans avec {2:Show}
89,{1:Show} a fait échoué les plans avec {2:Show}
90,{1:Show} a totalemnt échoué ses plans avec {2:Show}
91,{1:Show} tried to flake out on {2:Show}
92,{2:Show} a pensé que {1:Show} rigolait de ses échecs romantiques
93,{1:Show} {1:ShowPron_was_were} trop agréable pour échouer ses plans avec {2:Show}
94,{1:Show} blew off plans with {2:Show} pour être avec {3:Show}
95,{1:Show} blew off plans with {2:Show} even though {0:ShowList_i_r_we_they} were dating
97,{1:Show} pretended to make plans with {2:Show} because {0:ShowList_i_r_we_they} were like frenemies or something
98,{1:Show} tried to blow off plans with {2:Show} but despite the mutual hatred didn't succeed
99,{2:Show} {2:ShowPron_was_were} super let down when {1:ShowS} cancelled those hang-out plans
100,"{1:Show} blew off {2:Show} to hang with {1:ShowPron_his_her} {3:ShowGender_boy_girl}friend, {3:Show}"
101,{2:Show} {2:ShowPron_was_were} totally chill about {1:Show} spending more time with {1:ShowPron_his_her} {3:ShowGender_boy_girl}friend
102,{2:Show} {2:ShowPron_was_were} totally unsurprised when {1:ShowS} flaked on {2:ShowPron_him_her}
103,{0:ShowList_i_r_and} traded grade-based insults
106,{1:Show} told {2:Show} about some brilliant stuff {1:ShowPron_he_she} did
107,{1:Show} tried to make some lame thing sound brilliant to {2:Show}
108,{1:Show} a surpris {2:Show} avec cette brillante histoire
109,{1:Show} a raconté à {2:Show} cette vilaine histoire
110,{1:Show} s'est vanté auprès de {2:Show} d'être un prodige ou un truc du genre
112,{2:Show} a attaqué verbalement {1:Show} concernant ses problèmes d'exagérations compulsives
113,{2:Show} {2:ShowPron_was_were} trop désemparé pour réaliser que {1:ShowS} {1:ShowPron_was_were} en train de se vanter
114,{1:Show} a dû convaincre {2:Show} qu' {1:ShowPron_he_she} a fait quelque chose de brillant
115,{2:Show} {2:ShowPron_was_were} trop intelligent pour se faire passer comme un ridicule auprès de {1:ShowP}
116,{1:Show} a essayé de se vanter mais cela a eu l'effet inverse
117,{1:Show} a marché avec {2:Show} tout en se vantant de plein de choses
118,{2:Show} s'était trop ennuyé avec {1:Show} pour écouter ses fanfaronnades
119,"{1:Show} s'était vanté auprès de {2:Show} d'avoir été romantique avec une autre personne, ce qui était une mauvaise idée"
120,{1:Show} grossed {2:Show} out with all that bragging
126,{1:Show} tried to brag to {1:ShowPron_his_her} enemy's {2:ShowGender_boyfriend_girlfriend} about how superior {1:ShowPron_he_she} {1:ShowPron_was_were}
127,{1:Show} s'est vanté auprès de {2:Show} d'être supérieur à {2:ShowPron_his_her} {3:ShowGender_boy_girl}friend
128,{1:Show} complotait de piquer {2:ShowP}{3:ShowGender_boy_girl}ami
129,{1:Show} a obtenu du dédain concernant le vol de {3:Show} de la part de {2:Show}
130,{2:Show} n'a jamais oublié les vilaines actions de {1:ShowP}
131,{1:Show} a essayé de se vanter auprès de {2:Show} mais sa haine le bouleverse par dessus tout
132,{1:Show} s'est vanté auprès de {2:Show} de son rendez-vous avec {3:Show}
133,{1:Show} s'est vanté auprès de {2:Show} de son rendez-vous avec {3:Show}
134,{1:Show} a essayé de se vanter auprès de {2:Show} de son rendez-vous avec {3:Show} mais cela a eu une conséquence inverse
135,{1:Show} a essayé de se vanter auprès de {2:Show} de son rendez-vous avec l' {3:ShowGender_boy_girl} de ses rêves
136,{1:Show} a essayé de se vanter auprès de {2:Show} et ca été plus loin que son espérance
137,{1:Show} s'est vanté d'avoir tricher auprès de {3:Show}
138,{2:Show} a perdu la confiance de {1:Show} après qu' {1:ShowPron_he_she} s'est vanté d'avoir triché
139,{2:Show} a supporté les fanfarons de {1:ShowP}
140,{1:Show} a agi bêtement en essayant de se vanter auprès de {2:Show}
141,{2:Show} {2:ShowPron_was_were} super into {1:ShowP} story
142,{1:Show} s'attendait que {2:Show} soit impressionné par le nombre d'objets qu' {1:ShowPron_he_she} possède
143,{1:Show}s'est vanté auprès de {2:Show} d'avoir été amoureux de qqun d'autre
144,{1:Show} a mis le pied dans le plat
145,{2:Show} a pris l'insulte de {1:Show} d'une manière trop gentille
148,{1:Show} checked out {3:Show} and {2:ShowS} got pissed
149,{1:Show} checked out {3:Show} and {2:ShowS} was totally into it
150,{1:Show} a pensé que c'était une bonne idée de comparer {2:Show} à {3:Show}
151,{1:Show} a dit à {3:ShowS} qu'{1:ShowPron_he_she} {3:ShowPron_was_were} plus énorme que {2:Show}
152,{1:Show} a dit à {3:ShowS} qu'{1:ShowPron_he_she} {3:ShowPron_was_were} plus énorme que {2:Show}
153,{1:Show} a fait une remarque déplacée sur {2:ShowP} {0:ShowCKB}s
154,{2:Show} a ajouté {0:ShowCKB}s à la liste des sujets interdits à parler avec {1:Show}
155,{1:Show} a appelé accidentellement {2:Show} *{3:Show}*
156,{1:Show} s'est caché en parlant à {3:Show} face à {2:Show}
157,{1:Show} a accenditellement révélé l'histoire ambarassante à propos de {2:Show} au monde
159,{2:Show} a brisé le coeur de {1:ShowP} en parlant sur {1:ShowPron_him_her} avec {3:Show}
160,{2:Show} a réussi à convaincre {1:Show} qu' {2:ShowPron_he_she} était amoureux de {1:ShowPron_him_her}
161,{2:Show} a brisé le coeur de {1:ShowP} en parlant sur {1:ShowPron_him_her} avec {3:Show} (and not liking {0:ShowCKB}s)
162,"{1:Show} avait perdu l'attention de {2:Show}, mais il s'est avéré que {2:Show} {2:ShowPron_was_were} déjà en train de le tromper"
163,"{2:Show} a essayé de profiter du bon côté de {1:ShowP} , mais son coeur reste toujours brisé"
164,{2:Show} a trompé {1:Show} en pensant que les rumeurs qu' {2:ShowPron_he_she} {2:ShowPron_was_were} un tricheur étaient fausses
165,{2:Show} a essayé d'entretenir la relation après avoir parlé à {1:Show}
166,{1:Show} {1:ShowPron_was_were} trop introverti pour se confronter à {2:Show} concernant ses manières de tricher
167,{1:Show} {1:ShowPron_was_were} trop touché par la solitude pour laisser {2:ShowP} avoir un comportement de tricheur
168,{1:Show} {1:ShowPron_was_were} trop introverti pour se confronter à {2:Show} concernant ses façons de tricher
169,{1:Show} a brisé brutalement le coeur de {2:ShowP} avec {3:Show}
171,{2:Show} a dit à {3:Show} être totalement hors catégorie
172,{0:ShowList_i_r_and} a dit à {2:Show} qu' {1:ShowPron_he_she} {1:ShowPron_was_were} juste en train de l'utiliser mais {2:ShowS} a répondu 'Je t'utilise également'
173,{1:Show} a appelé 'les services de police' pour déposer une ordonnance restrictive concernant {2:Show}
174,{1:Show} a essayé d'utilisé 'les services de police' pour plaquer {2:Show} mais ça n'a pas fonctionné
175,{1:Show} {1:ShowPron_was_were} so into {1:ShowPron_him_her}self {1:ShowPron_he_she} didn't really notice {2:ShowP} feelings while breaking up with {2:ShowPron_him_her}
177,{0:ShowList_i_r_and} ont rompu les uns avec les autres sans vraiment s'écouter
178,{1:Show} a brutalement insulté {2:Show} de rompre
179,"{1:Show} a essayé de rompre brutallement avec {2:Show}, mais {2:ShowS} pensait qu' {1:ShowPron_he_she} était en train de rigoler"
180,{1:Show} went nuclear over {2:Show} flirting with {3:Show}
181,{1:Show} {1:ShowPron_was_were} a total jerk breaking things off with {2:Show}
182,{1:Show} a donné un coup de poing à {2:Show}
183,{1:Show} a donné un coup de poing à {2:Show}
184,{1:Show} a appelé {2:Show} personne sans importance
185,{1:Show} a dit à {2:Show} de la fermer
186,{1:Show} a essaye de prendre à {2:Show} {0:ShowCKB}
189,{1:Show} s'est vengé de {2:Show}
190,{1:Show} a essayé d'intimider {2:Show} mais ça n'a pas ébranler la conviction de {2:ShowP}
192,{2:ShowS} responded gracefully to {1:ShowP} bullying
193,{1:Show} a essayé d'intimider {2:Show} mais c'était une mauvaise idée depuis qu' {2:ShowPron_he_she} {2:ShowPron_was_were} already on a bullying streak
194,{1:Show} picked on the first person {1:ShowPron_he_she} could find
196,{2:ShowS} used {2:ShowPron_his_her} appearance to get out of being bullied
200,{1:Show} threatened {2:Show} for picking on {1:ShowPron_his_her} {3:ShowGender_boy_girl}friend
201,{1:Show} started a war with {2:Show} for homewrecking {1:ShowPron_him_her}
202,{1:Show} started a war with {1:ShowPron_his_her} friend {2:Show} for homewrecking {1:ShowPron_him_her}
203,{1:Show} threatened {2:Show} for moving in on {1:ShowPron_his_her} sweetie
204,{1:Show} made a lame attempt to bully {2:Show}
205,"{1:Show} threatened {2:Show} for picking on {1:ShowPron_his_her} friend, {3:Show}"
206,{1:Show} made fun of {2:Show} for finding {1:ShowPron_him_her} attractive
207,{1:Show} told that kinda funny joke
208,{1:Show} told {2:Show} that horrible horrible joke
209,{1:Show} brought up {1:ShowPron_his_her} embarrassing {0:ShowCKB} collection
210,{2:ShowS} dredged up some of {1:ShowP} embarrassing past
211,{1:Show} told that superlame joke that {2:Show} thought was cute
212,{1:Show} gained {2:ShowP} respect with that embarrassing joke
213,{1:Show} made a fool of {1:ShowPron_him_her}self in front of {2:Show}
216,{1:Show} grossed out {2:Show} with that {0:ShowCKB}
217,{1:Show} grossed out {2:Show} with that childhood story
219,{1:Show} {1:ShowPron_was_were} just staring at the wall
220,{1:Show} did that embarrassing performance for {2:Show}
221,{1:Show} told {2:Show} that hilarious joke
222,{1:Show} further humiliated {1:ShowPron_him_her}self in front of {2:Show}
223,{1:Show} a flirté avec {2:Show}
224,{1:Show} a essayé de frapper sur {2:Show}
225,{1:Show} {1:ShowPron_was_were} being cute with {2:Show}
226,{1:Show} a essayé de flirter avec {2:Show}
227,{1:Show} a flirté imprudemment avec {2:Show}
228,{1:Show} a flirté avec {2:Show} d'une manière totalement délirante
229,{2:ShowS} s'ennuyait de flirter constamment avec {1:ShowP}
230,{1:Show} a essayé de flirter avec {2:Show} en l'insultant
231,{1:Show} swept {2:Show} off {2:ShowPron_his_her} feet with all that flirting
233,{1:Show} {1:ShowPron_was_were} too inarticulate to flirt well but {2:ShowS} {2:ShowPron_was_were} still flattered
234,{1:Show} tried so hard to flirt with {2:Show} but couldn't get the words out
236,{1:Show} tried to flirt with {2:Show} even though {0:ShowList_i_r_we_they} were friends
237,{0:ShowList_i_r_and} were just friends but then {0:ShowList_i_r_we_they} kindled a romance
238,{1:Show} tried to flirt with {2:Show} without demonstrating much flair for timing
239,{1:Show} tried to flirt with {2:Show} at exactly the right time
240,{1:Show} a une réputation de serial dragueur
243,{1:Show} a flirté avec l'ennemi de {1:ShowPron_his_her} {2:ShowGender_boyfriend_girlfriend}
244,{1:Show} didn't have the moves to get with {1:ShowPron_his_her} enemy's {2:ShowGender_boyfriend_girlfriend}
245,"{1:Show} a flirté avec {2:Show}, {1:ShowPron_his_her} ex"
246,{1:Show} a flirté juste avec {2:Show} parce qu' {0:ShowList_i_r_we_they} used to date but it was totally inappropriate
247,"{1:Show} a flirté scandaleusement avec {2:Show}, {1:ShowPron_his_her} {2:ShowGender_boytoy_mistress}"
248,"{1:Show} a flirté avec {2:Show}, {1:ShowPron_his_her} {3:ShowGender_boy_girl}friend's {1:ShowGender_boy_girl}friend"
249,"{1:Show} a essayé de flirter avec {2:Show}, {1:ShowPron_his_her} {3:ShowGender_boy_girl}friend's {1:ShowGender_boy_girl}friend, et a été abattu"
254,{1:Show} a essayé de faire la morale à {2:Show} sur les mensonges et a été totalement grondé
255,{1:Show} gave {2:Show} perspective on {2:ShowPron_his_her} friends
256,{1:Show} a essayé de dire à {2:Show} de laisser tomber ses amis
257,{1:Show} a dit à {2:Show} de soutenir {2:ShowPron_his_her} {3:ShowGender_man_woman}
258,{1:Show} a essayé de faire la morale à {2:Show} concernant les tricheries
259,{1:Show} a remonté le moral de {2:ShowP}
260,{1:Show} a critiqué {2:ShowP} {3:ShowGender_boy_girl}ami
261,{1:Show} a donné à {2:Show} des conseils sur ses priorités
262,{1:Show} a donné à {2:Show} un conseil opportun
263,{2:Show} m'a abattu quand {1:ShowPron_he_she} {1:ShowPron_was_were} en train de lui donner un conseil
264,{1:Show} a donné à {2:ShowO} un conseil indésirable
266,{2:Show} s'ennuyait de {1:ShowP} et a commencé une relation avec {3:Show}
267,"{3:Show} {3:ShowPron_was_were} énervé contre {1:ShowO} pour écouter son conseil inspiré, mais {2:ShowS} l'a écouté quand même"
268,{1:Show} a dit à {2:Show} de résister à {3:Show}
269,{1:Show} a donné des conseils pour {0:ShowList_r_o_andp}
272,{1:Show} a forcé {2:Show} de le /la brancher avec {3:Show}
273,{1:Show} a dit à {2:Show} de sortir de sa relation folle avec {3:Show}
274,{1:Show} s'est réconcilé avec {3:Show} pour rendre {2:Show} jaloux
278,{2:Show} a accepté de donné à {3:Show} une autre chance pour le manque de {2:ShowPron_his_her} {1:ShowGender_boy_girl}ami
279,{2:Show} just couldn't imagine taking {1:ShowP} advice to become friends with {3:Show}
280,{1:Show} a dit à {2:Show} que c'était gonflé si {2:ShowPron_he_she} passait plus de temps avec {3:Show}
281,"{1:Show} a échoué d'être agréable avec {1:ShowPron_his_her} {3:ShowGender_boyfriend_girlfriend}, {2:Show}"
282,{1:Show} a conseillé {2:Show} de renoncer à {1:ShowPron_his_her} {3:ShowGender_man_woman}
283,{2:ShowS} a gifflé {1:ShowO} pour avoir annoncé qu' {2:ShowPron_him_her} l'avait oublié {3:Show}
284,{1:Show} a dit à {2:Show} de rompre avec {3:Show} pour de bon
285,{1:Show} a dit à {2:Show} des mots sensés
286,{1:Show} a débité des conneries à {2:Show}
287,{1:Show} a dit à {2:Show} des conseils sur les relations amoureuses
288,{1:Show} a essayé d'obtenir de {2:Show} le {0:ShowCKB}
289,{1:Show} a essayé d'obtenir de {2:Show} le {0:ShowCKB}
290,{2:ShowS} a dit à {1:ShowO} {1:ShowPron_he_she} pourrait prier {2:ShowPron_his_her} {0:ShowCKB}s from {2:ShowPron_his_her} cold dead hands
292,{1:Show} a dit à {2:Show} {1:ShowPron_he_she} n'était pas un héro
294,{1:Show} humbled {1:ShowPron_him_her}self and made {3:Show} look good instead
295,{1:Show} tried to humble {1:ShowPron_him_her}self but {2:ShowS} wouldn't hear of it
296,{1:Show} tried to downplay that swell story but {1:ShowPron_was_were} really building {1:ShowPron_him_her}self up for {2:Show}
297,{1:Show} tried to play down {1:ShowPron_his_her} smarts but {2:ShowS} {2:ShowPron_was_were} really impressed
298,{1:Show} tried to play {1:ShowPron_him_her}self down to {1:ShowPron_his_her} {2:ShowGender_boy_girl}friend but {2:ShowPron_he_she} {2:ShowPron_was_were}n't having it
299,{1:Show} made {2:Show} even more annoyed with {1:ShowPron_him_her} by being too humble
301,{1:Show} thanked {2:Show} for treating {1:ShowPron_him_her} like crap
302,{1:Show} reminded {2:Show} that we are all shadows in the giants of history
303,{1:Show} told {2:Show} {1:ShowPron_he_she} {1:ShowPron_was_were}n't nearly as swell as {3:Show}
304,{1:Show} bored {2:Show} into admitting {1:ShowPron_he_she} {1:ShowPron_was_were}n't swell
305,{2:Show} talked {1:Show} out of claiming {1:ShowPron_he_she} {1:ShowPron_was_were}n't swell
306,{1:Show} humbled {1:ShowPron_him_her}self and made {3:Show} look good instead
307,{1:Show} tried to humble {1:ShowPron_him_her}self but {2:ShowS} wouldn't hear of it
308,{1:Show} thought {2:Show} {2:ShowPron_was_were} swell
309,{1:Show} {1:ShowPron_was_were} all fawning over {2:Show} and it was like embarrassing
310,{1:Show} thought it was pretty swell that {1:ShowPron_he_she} and {2:Show} were both into {0:ShowCKB}s
311,{2:Show} {2:ShowPron_was_were} totally into {0:ShowCKB}s way before {1:Show}
312,{1:Show} remembered that swell thing {2:Show} did
313,{1:Show} thought that thing {2:Show} did was swell but it totally wasn't
314,{1:Show} became like {2:ShowP} creepy apprentice or something
315,{1:Show} started acting way too much like {2:Show}
316,{1:Show} praised {2:ShowP} virtues
317,{1:Show} said {2:Show} was the best friend evar
318,{1:Show} a sussuré à l'oreille de {2:Show}
319,{1:Show} a essaué de sussuré à l'oreille de {2:Show}
320,{1:Show} a immortailisé {2:Show} dans les forme de l'art
321,{2:Show} a abattu {1:ShowP} en tentant de l'imortaliser dans les formes de l'art
322,{1:Show} idolized {2:Show} for being {1:ShowPron_his_her} sweetie
323,{1:Show} tricked {2:Show} into admitting {2:ShowPron_he_she} {2:ShowPron_was_were} cheating on {1:ShowPron_him_her}
324,{1:Show} thought it was somehow okay to say both {0:ShowList_r_o_and} were pretty
325,{1:Show} idolized {2:Show} to get tips on dating {2:ShowPron_his_her} {3:ShowGender_boyfriend_girlfriend}
326,{1:Show} idolized {2:Show} for being able to juggle relationships
327,{1:Show} thought that thing {2:Show} did was swell even though it was actually kind of gross
328,{1:Show} successfully flattered {2:Show} even though {0:ShowList_i_r_we_they} were enemies
329,{1:Show} came off like a serial killer in {1:ShowPron_his_her} attempt to idolize {2:Show}
330,{1:Show} lifted {2:ShowP} spirits with memories of good times
332,{0:ShowList_i_o_and} both fawned over {2:Show}
333,{1:Show} a sussuré à l'oreille de {2:Show} mais {2:ShowS} {2:ShowPron_was_were}n'étais pas certain de {1:Show}
334,{1:Show} a insulté {2:Show} mais {2:ShowPron_he_she} n'a pas été atteint
335,{1:Show} a insulté {2:Show}
336,{0:ShowList_i_r_and} had like a catfight
337,{1:Show} brought the smackdown to {2:Show}
338,{1:Show} totally backstabbed {2:Show} even though {0:ShowList_i_r_we_they} were friends
339,{1:Show} totally trashed {2:Show} because {0:ShowList_i_r_we_they} were enemies
340,{2:ShowS} thought {1:ShowS} {1:ShowPron_was_were} being nice instead of mean
341,{2:ShowS} thought {1:ShowS} {1:ShowPron_was_were} being flirty instead of mean
342,{1:Show} {1:ShowPron_was_were} too nice to make fun of {2:Show}
343,{0:ShowList_i_r_and} had that awkward public fight
346,{1:Show} kept insulting {2:Show}
347,{1:Show} insulted {2:Show} for being unfaithful
349,{1:Show} insulted {2:Show} for being a homewrecker
353,{1:Show} insulted {2:Show} but {2:ShowPron_he_she} did not get it
354,{1:Show} insulted {2:Show} for trying to creep into {1:ShowPron_his_her} relationship with {3:Show}
355,{2:ShowS} just laughed at {1:ShowP} attempt to stop {2:ShowPron_him_her} from hanging out with {3:Show}
356,{1:Show} called {2:Show} names
357,{1:Show} made fun of that nice thing {2:ShowS} did
358,{1:Show} made fun of that nice thing {3:ShowS} did to {2:Show}
359,{1:Show} made a sad attempt to make fun of {2:Show} for doing something nice
361,{1:Show} made fun of that lame thing {2:ShowS} did
362,{1:Show} confided in {2:Show} and {2:ShowPron_he_she} lent a sympathetic ear
364,{1:Show} confided {1:ShowPron_his_her} lame interest in {0:ShowCKB}s to {2:Show} and {2:ShowPron_he_she} {2:ShowPron_was_were} totally swell about it
365,{0:ShowList_i_r_and} bonded over {0:ShowList_i_r_our_their} mutual interest in {0:ShowCKB}s
366,{0:ShowList_i_r_and} bonded over complaining about {3:Show}
367,{1:Show} unwisely complained about {3:Show} to {2:Show}
368,{0:ShowList_i_r_and} built {0:ShowList_i_r_our_their} romance into a friendship through trust and learning
369,{1:Show} bonded with {2:Show} over {1:ShowPron_his_her} adorable secret
370,"{1:Show} fessed up about seeing {2:ShowP} {3:Show}, but made an ally in the process"
371,{1:Show} confessed about seeing {3:Show} to {2:Show}
374,{1:Show} became friends with {2:Show} even though {0:ShowList_i_r_we_they} were enemies by sharing an embarrassing secret
375,{1:Show} foolishly told an embarrassing secret to {2:Show} even though {0:ShowList_i_r_we_they} were enemies
376,{2:ShowS} acted like a jerk when {1:ShowS} tried to confide in {2:ShowPron_him_her}
380,{1:Show} needed someone to talk to about {3:Show} so {1:ShowPron_he_she} became friends with {2:Show}
381,{2:ShowS} didn't feel comfortable talking with {1:ShowO} about {3:Show} behind {3:ShowPron_his_her} back
382,{0:ShowList_i_r_and} became friends over {0:ShowList_i_r_our_their} mutual hatred for {3:Show}
383,{1:Show} confided in {2:Show} about {1:ShowPron_his_her} cheating
384,{1:Show} confided in {2:Show} about stealing {3:ShowP} date
385,{1:Show} snickered with {2:Show} about stealing {3:ShowP} date
387,{2:Show} refused to get involved with {1:ShowP} cheating drama
389,{2:ShowS} totally turned {1:ShowP} insult into like a compliment
390,{1:Show} insulted {2:ShowP} friends
391,{1:Show} made fun of {3:Show} to {2:Show} even though {0:ShowList_o_r_and} were friends
392,{1:Show} vented about {3:Show} to the wrong person
393,{1:Show} vented about {3:Show} to the wrong person
395,{1:Show} tried without success to get a rise out of {2:Show}
396,{1:Show} insulted {2:ShowP} friend for liking {0:ShowCKB}s
397,{2:Show} agreed with {1:Show} that {3:ShowP} obsession with {0:ShowCKB}s gets annoying
398,"{2:ShowS} stuck up for {3:Show} because {0:ShowList_r_o_and}'re friends, even though {1:ShowS} thought {3:Show} {3:ShowPron_was_were} unpopular"
399,{3:ShowS} showed up during {1:ShowP} insults and stuck up for {3:ShowPron_him_her}self
401,{1:Show} couldn't handle {1:ShowPron_his_her} {2:ShowGender_boyfriend_girlfriend} hanging out with {3:Show} and called off the relationship
402,"{1:Show} got on {2:ShowP} bad side by insulting {3:Show}, {2:ShowPron_his_her} friend"
403,"{1:Show} insulted {3:Show}, {2:ShowP} friend"
404,"{1:Show} made a lame attempt to insult {3:Show}, {2:ShowP} friend"
405,{1:Show} trash-talked {2:ShowP} friends
406,"{1:Show} insulted {2:ShowP} popular friend, {3:Show}"
411,{1:Show} broke up with {2:Show}
412,"{1:Show} tried to break up with {2:Show}, but {2:ShowPron_he_she} didn't believe {1:ShowPron_him_her}"
413,{1:Show} broke it to {2:Show} that {1:ShowPron_he_she} liked {3:Show} more than {2:ShowPron_him_her}
414,{0:ShowList_i_r_and} were pretty casual about breaking up
415,{2:Show} had been getting really sick of {2:ShowPron_his_her} relationship with {1:Show} but {2:ShowPron_was_were}n't sure how to end up
416,{2:Show} {2:ShowPron_was_were} too into {1:Show} for {1:ShowPron_him_her} to break up with {2:ShowPron_him_her}
417,{0:ShowList_i_r_and} decided it just wasn't working out
418,{1:Show} asked {2:Show} how {2:ShowPron_he_she} would hypothetically feel if {1:ShowPron_he_she} hypothetically broke up with {2:ShowPron_him_her}
422,"{1:Show} turned {1:ShowPron_his_her} life around, starting with {2:Show}"
423,{1:Show} asked {2:Show} to visualize {2:ShowPron_him_her}self out of {1:ShowPron_his_her} life
424,{1:Show} declared war on {2:Show} by reminding everyone of {2:ShowPron_his_her} lameness
426,{1:Show} declared war on {2:Show}
428,{1:Show} declared war on {2:Show} via a stand-off
429,{1:Show} declared war against {2:Show} for that mean thing {2:ShowPron_he_she} did
430,{1:Show} tried to declare war on {2:Show} or something for some thing {2:Show} had totally forgotten about anyway
431,{1:Show} declared war on {2:Show} for macking on {1:ShowPron_his_her} sweetie
432,{1:Show} got so sick of {2:Show} {1:ShowPron_he_she} tried to issue like an ultimatum
433,"{1:Show} confronted {2:Show} about dating {3:Show}, but {2:ShowS} realized who {2:ShowPron_he_she} really wanted to be with"
434,{1:Show} started a war with {2:Show} over getting {3:ShowP} attention
435,{3:Show} prevented a war between {3:ShowPron_his_her} {1:ShowGender_boyfriend_girlfriend} {1:Show} and {3:ShowPron_his_her} friend {2:Show}
436,{1:Show} exploded at {2:Show} for ruining {1:ShowPron_his_her} life
437,{1:Show} told {2:Show} to stop bothering {1:ShowPron_him_her}
438,{1:Show} tried to break off {1:ShowPron_his_her} friendship with {2:Show} but {2:ShowPron_he_she} didn't believe {1:ShowPron_him_her}
439,{1:Show} got pissed about that thing {2:Show} did
441,{1:Show} got sick of {2:ShowP} obsession with {0:ShowCKB}s
442,{2:Show} {2:ShowPron_was_were} really into {1:Show} as a friend. I mean like really into
443,{2:ShowS} vowed to be more supportive of {1:ShowO}
445,{2:Show} didn't realize that {1:ShowS} {1:ShowPron_was_were} trying to get out of being friends with {2:ShowPron_him_her}
446,{2:Show} reminded {1:Show} of the good times {0:ShowList_i_r_we_they} used to have back when {1:ShowS} {1:ShowPron_was_were} still into {0:ShowCKB}s
447,{1:Show} couldn't handle being both friends with and dating {2:Show}
448,{1:Show} cut off {1:ShowPron_his_her} friendship with {2:Show} because {2:ShowS} stole {1:ShowP} {3:ShowGender_boy_girl}friend
451,{1:Show} just ended things with {2:Show}
452,{2:Show} thought {2:ShowPron_he_she} {2:ShowPron_was_were} still going out with {1:Show}
453,{1:Show} just wanted to be friends with {2:Show} except without the friends part
454,{1:Show} broke up with {2:Show} even though {2:ShowPron_he_she} {2:ShowPron_was_were} all clingy about it
455,{1:Show} tried to break up with {2:Show} but {2:ShowPron_he_she} reminded {1:ShowPron_him_her} of how perfect {0:ShowList_i_r_we_they} were for each other
456,{0:ShowList_i_r_and} broke up over {3:Show}
457,{1:Show} friend zoned {2:Show}
458,{2:Show} refused to be friend zoned by {1:Show}
460,{2:Show} refused to break up with {1:Show}
461,{2:Show} {2:ShowPron_was_were} more than willing to break up with {1:Show}
462,{2:Show} refused to break up with {1:Show} out of spite or something
463,{1:Show} made plans to hang with {2:Show}
464,{2:Show} told {1:Show} {2:ShowPron_he_she} {2:ShowPron_was_were} busy forever
466,{0:ShowList_i_r_and} became friends
467,{2:Show} thought {1:ShowS} {1:ShowPron_was_were} swell enough to be friends with
468,{0:ShowList_i_r_and} became friends over {0:ShowList_i_r_our_their} mutual interest in {0:ShowCKB}s
476,{2:Show} {2:ShowPron_was_were} too busy to spend time with {1:Show}
477,{1:Show} and {2:Show} became frenemies
478,{0:ShowList_i_r_and} added friendship to the relationship
479,{2:Show} shut down {1:ShowP} atttempt to create a better relationship through friendship
480,{1:Show} wanted to be like a power couple or something with {2:Show}
481,{1:Show} tried to make plans with {2:Show} and {3:ShowS} totally tagged along uninvited
485,{1:Show} became friends with {1:ShowPron_his_her} {3:ShowGender_boyfriend_girlfriend}'s friend
486,{2:Show} didn't think it was awkward to be friends with {1:ShowP} {3:ShowGender_boyfriend_girlfriend} but not with {1:ShowPron_him_her}
487,{0:ShowList_i_r_and} resolved {0:ShowList_i_r_our_their} differences
488,{1:Show} tried to make up with {2:Show} but got a sick burn instead
489,{1:Show} {1:ShowPron_was_were} swell enough to resolve {1:ShowPron_his_her} differences with {2:Show}
490,{2:Show} felt okay about not being enemies with {1:Show} any more
491,{1:Show} tried to make up with {2:Show} but {1:ShowPron_was_were} kind of a jerk about it
492,{2:Show} held a grudge against {1:Show} and wouldn't make up
493,{1:Show} thought {1:ShowPron_his_her} swellness was enough to make up with {2:Show}
494,{2:Show} {2:ShowPron_was_were} too into {1:Show} not to make up
495,{1:Show} {1:ShowPron_was_were} nice enough to {2:Show} that {0:ShowList_i_r_we_they} stopped being enemies
496,{1:Show} got tired of being frenemies with {2:Show}
498,{0:ShowList_i_r_and} made up for {3:ShowP} sake
499,{2:Show} {2:ShowPron_was_were}n't willing to bury the hatchet with {1:Show} despite {0:ShowList_i_r_our_their} mutual friendship with {3:Show}
500,{0:ShowList_i_r_and} made up for {3:ShowP} sake
501,{2:Show} belittled {1:Show} for suggesting {0:ShowList_i_r_we_they} stop fighting for {3:ShowP} sake
502,{1:Show} really opened up to {2:Show}
503,{1:Show} got shot down trying to open up to {2:Show}
504,{1:Show} got shot down trying to open up to {2:Show}
505,{1:Show} really opened up to {2:Show} and {2:ShowPron_he_she} {2:ShowPron_was_were} totally supportive
506,{1:ShowP} past got in the way of opening up to {2:Show}
507,{1:Show} trusted {2:Show} enough to open up to {2:ShowPron_him_her}
508,{1:Show} got all mushy with {2:Show} even though {1:ShowPron_he_she} {1:ShowPron_was_were} already dating {3:Show}
509,{1:Show} got shut down by {2:Show} after flirting with {3:Show}
510,{1:Show} opened up to {2:Show} and strengthened {0:ShowList_i_r_our_their} friendship
512,{1:Show} told {2:Show} how {1:ShowPron_he_she} really felt about {2:ShowPron_him_her}
513,{0:ShowList_i_r_and} had like a forbidden love thing going but {2:ShowS} refused to cheat on {3:Show}
514,{1:Show} touched {2:ShowP} ear or something
515,{1:Show} tickled {2:Show}
516,{1:Show} {1:ShowPron_was_were} creepy into giving {2:Show} some kind of eastern European massage
517,{0:ShowList_i_r_and} were flirting like crazy
518,{1:Show} tried to tickle {2:Show} and it was all like inappropriate
519,{1:Show} kissed {2:Show} after some sexy nerd talk
520,{1:Show} kissed {2:Show}
521,{1:Show} made an awkward attempt to touch {2:ShowP} shoulder
522,{1:Show} couldn't help but admire {2:ShowP} muscles
523,{1:Show} told {2:Show} {2:ShowPron_he_she}'d never get what {2:ShowPron_he_she} needs from {3:Show}
524,{1:Show} tried to flirt with {2:Show} but {1:ShowPron_his_her} reputation preceded {1:ShowPron_him_her}
525,{1:Show} tried to poke {2:Show} or something weird like that
526,{2:Show} heard about that taboo thing {1:ShowS} did and wouldn't let {1:ShowPron_him_her} touch {2:ShowPron_him_her}
530,{1:Show} used sexy poses to woo over {1:ShowPron_his_her} enemy's {2:ShowGender_boyfriend_girlfriend}
531,{1:ShowP} sexy poses failed to woo over {1:ShowPron_his_her} enemy's {2:ShowGender_boyfriend_girlfriend}
532,{1:Show} tried to flirt with {2:Show} but {1:ShowPron_his_her} reputation preceded {1:ShowPron_him_her}
533,{1:Show} used that cheesy pick-up line on {2:Show} and it totally worked
534,{1:Show} used that cheesy pick-up line on {2:Show} and it totally bombed
535,{1:Show} {1:ShowPron_was_were} not swell enough to use that pick-up line on {2:Show}
536,{1:Show} made an awkward pass at {2:Show}
537,{1:Show} bothered {2:Show} so much {2:ShowPron_he_she} agreed to date {1:ShowPron_him_her}
538,{1:Show} {1:ShowPron_was_were} a swell cat and asked {2:Show} out
539,{1:Show} bombed that pick-up line but {2:ShowS} {2:ShowPron_was_were} totally into {1:ShowPron_him_her} anyway
540,{1:Show} messed up that pick-up line and totally botched things with {2:Show}
541,{1:Show} used that earthquake line to get things shaking with {2:Show}
542,{1:Show} used a nerdy pick-up on {2:Show} and it totally worked
543,{1:Show} used a nerdy pick-up line on {2:Show} and got destroyed
544,{1:Show} tried to break the ice with {2:Show} but {2:ShowPron_he_she}'d heard that one already
545,{1:Show} naturally selected {1:ShowPron_his_her} way into a relationship with {2:Show}
547,{1:ShowP} cruelty impressed {2:Show} into dating {1:ShowPron_him_her}
551,{2:Show} did not appreciate {1:Show} trying to start a relationship with {1:ShowPron_his_her} thumbs
552,{2:Show} decided to date {1:Show} even though {0:ShowList_i_r_we_they} were enemies
553,{1:Show} had liked an epic fail trying to ask {2:Show} out
556,{0:ShowList_i_r_and} reminisced about the times {0:ShowList_i_r_we_they} used to hang
557,{2:Show} said {2:ShowPron_he_she} couldn't remember any good times with {1:Show}
559,{0:ShowList_i_r_and} shared swell memories
561,{1:Show} tried to flashback on {2:Show} and {2:ShowPron_he_she} told {1:ShowPron_him_her} to shut up
562,{0:ShowList_i_r_and} relived good memories
563,{1:Show} and {2:Show} talked about {2:ShowP} swell past
564,{1:Show} talked about {1:ShowPron_his_her} past with {2:Show}
565,{2:Show} failed to appreciated {1:ShowP} awesomeness
566,{1:Show} commiserated with {2:Show}
567,{1:Show} reminded {2:Show} of romantic times
568,{1:Show} was a little too into reminiscing with {2:Show}
569,{1:Show} spread the word about {1:ShowPron_his_her} swellness
570,{1:Show} could still remember that thing that happened like five minutes ago
571,{1:Show} talked to {2:Show} about memories that didn't happen
572,{1:Show} tried to woo {2:Show} the same way {1:ShowPron_he_she} wood {3:Show} and {2:ShowS} {2:ShowPron_was_were} not amused
573,{0:ShowList_i_r_and} laughed about that rude thing {1:ShowS} did to {3:Show}
574,{1:Show} reminisced to {3:ShowP} friend {2:Show} about picking on {3:ShowPron_him_her}
575,{1:Show} reminisced to {2:Show} about embarassing {3:Show}
576,{1:Show} accidently admitted {1:ShowPron_he_she} was cheating on {2:Show}
579,{1:Show} remembered good times dating {2:Show}
580,{1:Show} remembered good times dating {2:Show} but {2:ShowS} remembered them differently
581,{1:Show} annoyed {2:Show} by talking about when {0:ShowList_i_r_we_they} used to date
582,"{1:Show} wanted to reminisce about dating with {2:Show}, but {2:ShowS} wouldn't let go of the whole cheating thing"
583,{1:Show} totally set {2:Show} up with a reminisce about when {2:ShowPron_he_she} cheated
584,{0:ShowList_i_r_and} were doing the same thing at the same time
585,{1:Show} failed to find a common interest with {2:Show}
589,{2:Show} pretended to be interested in {0:ShowCKB}s to spend time with {1:Show}
591,{2:Show} {2:ShowPron_was_were} totally not into whatever it was that {1:ShowS} {1:ShowPron_was_were} blabbing on about
592,{0:ShowList_i_r_and} were getting really into {0:ShowCKB}s
593,{1:Show} failed to interest {2:Show} in {1:ShowPron_his_her} {0:ShowCKB}
595,{1:Show} told {2:Show} about {1:ShowPron_his_her} actually kinda swell hobby
598,{2:Show} didn't like {0:ShowCKB}s and {2:ShowPron_he_she} didn't like {1:ShowO}
599,{0:ShowList_i_r_and} were both kinda into {1:Show}
601,"{2:Show} agreed to try being nicer to {3:Show}, {2:ShowPron_his_her} buddy's {3:ShowGender_boy_girl}friend"
602,"{2:Show} couldn't get over {2:ShowPron_his_her} hatred of {3:Show} even though {1:ShowS}, {2:ShowPron_his_her} buddy, pleaded"
603,"{1:Show} made friends with {2:Show}, {1:ShowPron_his_her} {3:ShowGender_boy_girl}friend's buddy"
604,"{1:Show} {1:ShowPron_was_were} trying to hard to bond with {2:Show}, {1:ShowPron_his_her} {3:ShowGender_boy_girl}friend's buddy"
605,{0:ShowList_i_r_and} bonded over {0:ShowList_i_r_our_their} mutual hatred for {3:Show}
607,{1:Show} tried to bond with {2:Show} over {3:Show} but it was a touchy subject
608,{1:Show} found common ground with {2:Show} through {0:ShowList_i_r_our_their} mutual friendship with {3:Show}
609,{1:Show} tried to find common ground with {2:Show} over {3:Show} but it kinda backfired
610,{1:Show} told {2:Show} {1:ShowPron_he_she} {1:ShowPron_was_were}n't that into {2:ShowPron_him_her}
611,{2:Show} didn't get that {1:ShowS} {1:ShowPron_was_were} not really into {2:ShowPron_him_her}
612,{1:Show} saw {2:Show} doing something that was kind of a turn-off
613,{1:Show} {1:ShowPron_was_were}n't into {2:ShowP} interests
615,{1:Show} told {2:Show} {1:ShowPron_he_she} {1:ShowPron_was_were}n't that into {2:ShowPron_him_her} any more
616,{1:Show} tried to tell {2:Show} {1:ShowPron_he_she} {1:ShowPron_was_were}n't that into {2:ShowPron_him_her}
617,"{1:Show} {1:ShowPron_was_were}n't that into {1:ShowPron_his_her} friend, {2:Show}"
618,{2:Show} refused to believe that {1:ShowS} {1:ShowPron_was_were}n't into {2:ShowPron_him_her}
619,{2:Show} thought it was hilarious that {1:ShowS} would think {2:ShowPron_he_she} {2:ShowPron_was_were} into {1:ShowPron_him_her}
620,{1:Show} said {1:ShowPron_he_she} could never date {2:Show} because {2:ShowPron_he_she} {2:ShowPron_was_were}n't popular enough
621,{2:Show} tried to use {2:ShowPron_his_her} popularity to force {1:Show} into liking {2:ShowPron_him_her}
622,{1:Show} said that {2:Show} {2:ShowPron_was_were} like fatter than {3:Show}
623,{1:Show} {1:ShowPron_was_were} too scared of {2:Show} to tell {2:ShowPron_him_her} how {1:ShowPron_he_she} felt
625,{0:ShowList_i_r_and} made sure {0:ShowList_i_r_we_they} stayed in the friend zone
626,{2:Show} {2:ShowPron_was_were} so blinded by love {2:ShowPron_he_she} didn't realize {1:ShowS} {1:ShowPron_was_were} getting really uncomfortable
627,{2:Show} {2:ShowPron_was_were} just not swell enough for {1:Show} to be interested
628,{2:Show} convinced {1:Show} that {2:ShowPron_he_she} has on occasion been swell
630,{1:Show} told {2:Show} {1:ShowPron_he_she} {1:ShowPron_was_were}n't into {2:ShowPron_him_her} and {2:ShowS} totally freaked out
631,{1:Show} couldn't get over {2:ShowP} body
632,{1:Show} showed off to {2:Show}
634,{1:Show} did push-ups to impress {2:Show}
637,{1:Show} showed off {1:ShowPron_his_her} hat to {2:Show}
640,{1:Show} tried to show off {1:ShowPron_his_her} new {0:ShowCKB} but {2:Show} {2:ShowPron_was_were}n't into it
643,{2:Show} patronized {1:Show} about {1:ShowPron_his_her} special collection
644,{1:Show} lorded {1:ShowPron_his_her} popularity over {2:Show}
646,{1:Show} reminded {2:Show} that {1:ShowPron_he_she} {1:ShowPron_was_were} just so cute
647,{1:Show} {1:ShowPron_was_were} really into {1:ShowPron_him_her}self and {2:ShowS} really {2:ShowPron_was_were}n't
648,{1:Show} flubbed showing off to {2:Show}
650,{1:Show} got the smack down when trying to show off to {2:Show}
653,{1:Show} tried to spread a lie about {3:Show} to {2:Show} but {1:ShowPron_was_were} interrupted by bad timing
654,{1:Show} defamed {3:ShowP} popularity to {2:Show}
655,{1:Show} spread rumors and destroyed {1:ShowPron_his_her} relationship with {3:Show}
656,{1:Show} spread nasty rumors about {3:Show} to {2:Show}
657,{2:Show} believed {1:ShowP} rumors over {3:ShowP} objections
658,"{2:Show} defended {2:ShowPron_his_her} friend, {3:Show}, from {1:ShowP} vicious rumors"
659,{2:Show} got pissed at what {1:ShowS} said {3:ShowS} said about {2:ShowPron_him_her}
660,{2:Show} didn't care for {1:ShowP} backhanded attempts to insult {3:Show}
661,{1:Show} spread rumors about {3:Show} to {2:Show}
662,"{1:Show} tried to defame {3:ShowP} popularity, but {3:ShowS} destroyed {1:ShowPron_him_her}"
700,{1:Show} asked {2:Show} that lame hypothetical question about breaking up
702,{1:Show} clued {2:Show} in about {2:ShowPron_his_her} appearance issues
703,{1:Show} warned {2:Show} about {1:ShowPron_his_her} history of being a cheater
704,{1:Show} said {2:ShowP} flaws completed {1:ShowPron_him_her}
705,{1:Show} lied about having that weird condition except it turned out {2:ShowS} had it too
706,{1:Show} pointed out {1:ShowPron_his_her} flaws to {2:Show}
707,{0:ShowList_i_r_and} bonded over {0:ShowList_i_r_our_their} flaws
709,{1:Show} had insanely extroverted social plans with {2:Show}
712,{1:Show} had the nerve to call {2:Show} fat
713,"{1:Show} imagined what it would be like to date {3:Show}, right in front of {2:Show}"
715,{1:Show} tried to gross {2:Show} out of being into {1:ShowPron_him_her} by telling a gross story from {1:ShowPron_his_her} past
716,{1:Show} took {1:ShowPron_his_her} relationship with {2:Show} down a step
717,{0:ShowList_i_o_and} flirted like crazy right in front of {2:Show}
718,{3:Show} sabotaged the relationship for {1:Show} since {1:ShowPron_he_she} {1:ShowPron_was_were} too quiet
736,{1:Show} weirded {2:Show} out by silently standing next to {2:ShowPron_him_her}
737,{1:Show} told {2:Show} about {1:ShowPron_his_her} gross collection
738,{1:Show} tried to weird {2:Show} out by staring at {2:ShowPron_him_her} but it backfired
739,{1:Show} came up from behind and scared {2:Show}
740,{1:Show} laughed uncontrollably in {2:ShowP} face for no reason
745,{1:Show} made {2:Show} be quiet so {1:ShowPron_he_she} could better hear the voices
746,{1:ShowP} admiration of {0:ShowCKB}s just grossed {2:Show} out
748,"{0:ShowList_i_r_and} both had {0:ShowCKB} collections, inexplicably"
749,"{1:Show} messed around with {1:ShowPron_his_her} enemy, {2:Show}"
751,{1:Show} tried to tell {2:Show} this creepy clown story but {2:ShowPron_he_she} just gave {1:ShowPron_him_her} some advice
752,{1:Show} acted like {1:ShowPron_he_she} wanted to do something gross
753,{2:Show} felt bad for {1:Show} and tried to help {1:ShowPron_him_her} out
754,{1:Show} {1:ShowPron_was_were} too normal to weird {2:Show} out
755,{1:Show} got all suave with {2:Show}
758,{2:Show} squashed {1:ShowP} dreams of suave romance
762,{1:Show} worked {1:ShowPron_his_her} swag on {2:Show} too much
763,{1:Show} {1:ShowPron_was_were} shut down by {2:Show} for attempting to two-time
764,{1:Show} worked {1:ShowPron_his_her} magic on {2:Show}
768,{1:Show} got lost in the serene tranquility of {2:ShowP} eyes
769,{1:Show} wrote that not very good but still romantic song about {2:Show}
770,{1:Show} used {1:ShowPron_his_her} knowledge of the humanitites to fail at being smooth with {2:Show}
771,{1:Show} tried to woo {2:Show} but {2:ShowS} didn't take {1:ShowPron_him_her} seriously
772,{1:Show} used {1:ShowPron_his_her} knowledge of the humanities to make {2:Show} swoon
773,{1:Show} kept telling {2:Show} {2:ShowPron_he_she} {2:ShowPron_was_were} cute
774,{1:Show} swept {1:ShowPron_his_her} enemy's {2:ShowGender_boyfriend_girlfriend} off {2:ShowPron_his_her} feet
775,{1:Show} totally botched {1:ShowPron_his_her} attempt to woo over {1:ShowPron_his_her} enemy's {2:ShowGender_boy_girl}friend
776,{1:Show} tried to steal {2:Show} away from {3:Show}
777,{1:Show} made a fool of {1:ShowPron_him_her}self trying to steal {2:Show} away from {3:Show}
778,{1:Show} tried to rekindle old passions with {2:Show}
779,{1:Show} tried to rekindle old passions with {2:Show} and failed
780,"{1:Show} professed {1:ShowPron_his_her} love for {2:Show}, but {2:ShowPron_he_she} told {1:ShowPron_him_her} it could never be"
781,"{1:Show} professed {1:ShowPron_his_her} love for {2:Show}, and it was like right out of Romeo and Juliet or something"
782,"{1:Show} professed {1:ShowPron_his_her} love for {2:Show}, but {2:ShowPron_he_she} loved {3:Show} too much to cheat on {3:ShowPron_him_her}"
783,{2:Show} totally called {2:ShowPron_his_her} {1:ShowGender_boy_girl}friend {1:Show} {3:Show} while {2:ShowPron_he_she} {2:ShowPron_was_were} making out with {1:ShowPron_him_her}
784,{1:Show} {1:ShowPron_was_were} shut down by {2:Show} for attempting to two-time
785,{1:Show} asked out {2:Show} even though {1:ShowPron_he_she} totally hated {2:ShowPron_him_her}
786,{1:Show} had that embarrassing love/hate thing going with {2:Show}
787,{1:Show} got back together with {2:Show}
788,{1:Show} tried to get back together with {2:Show}
789,"{1:Show} tried to tell {2:Show} {2:ShowPron_he_she}'s hot when {2:ShowPron_he_she}'s angry, but it backfired"
790,{1:Show} told {2:Show} {2:ShowPron_he_she}'s hot when {2:ShowPron_he_she}'s angry
791,{1:Show} got turned on by {2:ShowP} snarl
792,{1:Show} started dating {2:Show} even though {0:ShowList_i_r_we_they} had been enemies
793,{1:Show} tried to take advantage of {2:Show} when {2:ShowPron_he_she} {2:ShowPron_was_were} heartbroken
794,{1:Show} got really turned on when {2:Show} {2:ShowPron_was_were} mean to {1:ShowPron_him_her} and so {0:ShowList_i_r_we_they} started dating
795,{1:Show} {1:ShowPron_was_were} so swell even {1:ShowPron_his_her} enemies wanted to date {1:ShowPron_him_her}
796,{1:Show} took advantage of {2:Show} being upset at {3:Show}
797,{2:Show} struck back at {1:Show} for turning out to be {2:ShowPron_his_her} secret {1:ShowGender_boy_girl}friend
798,{1:Show} wouldn't shut up about {0:ShowCKB}s
800,{2:Show} wouldn't show {1:Show} {2:ShowPron_his_her} {0:ShowCKB}
801,{1:Show} pissed {2:Show} off by dissing {0:ShowCKB}s
802,{0:ShowList_i_r_and} kept saying hey to each other for some reason
803,{1:Show} tried to annoy {2:Show} but {2:ShowPron_he_she} {2:ShowPron_was_were} chill about it
804,{1:Show} kept talking about {0:ShowCKB}s
805,{1:Show} got way too into {0:ShowCKB}s
806,{2:Show} refused to be annoyed by {1:ShowP} stupid jokes
807,{1:Show} could not read {2:ShowP} mind
808,{1:Show} failed to guess the number {2:ShowS} {2:ShowPron_was_were} thinking of
809,{1:Show} annoyed {2:Show}
810,{1:Show} showed {2:Show} that swell magic trick
812,{1:Show} tried and failed to mess with {2:ShowP} head about being friends with {2:ShowPron_his_her} {3:ShowGender_boyfriend_girlfriend}
813,{0:ShowList_i_r_and} tried to get {3:Show} to choose between {0:ShowList_i_r_andp}
814,{0:ShowList_i_r_and} couldn't see eye to eye about {3:Show}
815,{1:Show} kept saying {2:ShowP} name over and over again
816,{1:Show} tried to annoy {2:Show} without any luck
817,{2:Show} totally shot {1:Show} down
818,{0:ShowList_i_r_and} built a relationship around {0:ShowCKB}s
819,{1:Show} reminded {2:Show} of romance to kindle a relationship
820,{1:Show} asked {2:Show} out
821,{0:ShowList_i_r_and} failed to build a relationship around {0:ShowCKB}s
823,{2:Show} {2:ShowPron_was_were}n't into {1:Show} enough to date {1:ShowPron_him_her}
824,"even though {2:Show} {2:ShowPron_was_were} way out of {1:ShowP} league, {1:ShowPron_he_she} totally convinced {2:ShowPron_him_her} to go out with {1:ShowPron_him_her}"
825,{2:Show} {2:ShowPron_was_were} totally into {1:Show} and so {1:ShowPron_he_she} totally asked {2:ShowPron_him_her} out
826,{2:Show} {2:ShowPron_was_were} totally checking {1:Show} out but {2:ShowPron_was_were} too shy to do anything about it
827,{0:ShowList_i_r_and} made it out of the friend zone
828,{1:Show} made things awkward with {2:Show} by trying to ask {2:ShowPron_him_her} out
829,{1:Show} didn't let a simple thing like mutual hatred get in the way of {1:ShowPron_his_her} plans to date {2:Show}
830,{1:Show} thought {2:Show} would go out with {1:ShowPron_him_her} for some reason
831,{2:Show} made a lame excuse to avoid going on a date with {1:Show}
832,{2:Show} set some conditions for going out on a date with {1:Show}
833,{1:Show} {1:ShowPron_was_were} too shy to ask {2:Show} out but {2:ShowS} said yes anyway
834,{1:Show} reminded {2:Show} of {1:ShowPron_his_her} total awesomeness and {0:ShowList_i_r_we_they} started dating
835,{1:Show} reminded {2:Show} of {1:ShowPron_his_her} total awesomeness but {2:ShowS} didn't buy it
838,{2:Show} shut down {1:ShowP} attempt to ask {2:ShowPron_him_her} out
839,{1:Show} asked {2:Show} out even though {1:ShowPron_he_she} {1:ShowPron_was_were}n't the strongest {1:ShowGender_boy_girl} around
840,{1:Show} {1:ShowPron_was_were} like 'we should date' and {2:Show} {2:ShowPron_was_were} like 'ew'
841,{1:Show} got with {3:ShowP} {2:ShowGender_boyfriend_girlfriend}
842,{1:Show} got shut down by {3:Show} when trying to get with {3:ShowPron_his_her} {2:ShowGender_boyfriend_girlfriend}
843,{1:Show} s'est réunit avec {2:Show}
844,{1:Show} a tenté de se réunir avec {2:Show} mais ce n'était pas prévu
845,{1:Show} est retourné dans sa relation avec {2:Show}
846,{1:Show} a tenté de se réunir avec {2:Show} mais {2:ShowPron_he_she} {2:ShowPron_was_were}n'était pas intéresé
847,{1:Show} a enté de se réunir avec {2:Show} et c'était vraiment pathétique
848,{1:Show} s'est réunit avec {2:Show} après une récente séparation
849,{1:Show} a été rejeté par {2:Show} pour sa tentative de se remettre ensemble
850,{1:Show} a supplié {2:Show} de revenir après l'avoir trompé
851,{1:Show} a été rejeté par {2:Show} pour être un tricheur mendiant
852,{1:Show} est rentré avec {1:ShowPron_his_her} traître d'ex
853,{1:Show} a pathétiquement omis de supplier le retour de son traître d'ex
854,{1:Show} got all 'it's complicated' with {0:ShowList_r_o_and}
855,{2:Show} a refusé de tromper {3:Show} et de rencontrer {1:Show}
856,{2:Show} a refusé de tromper {3:Show} et rencontrer {1:Show}
857,{0:ShowList_i_r_and} a obtenu une chose bizarre de {3:Show}
858,{1:Show} a tenté d'obtenir de {2:Show} quelque chose dans la relation bizarre avec {3:Show}
859,{0:ShowList_i_r_and} sont devenus plus que des amis
