1,something is going on...
2,something is going on...
3,something is going on...
4,something is going on...
5,
10,something is going on...
11,something is going on...
12,something is going on...
13,something is going on...
14,something is going on...
15,something is going on...
101,something is going on...
102,something is going on...
103,something is going on...
202,something is going on...
203,something is going on...
204,something is going on...
205,something is going on...
302,something is going on...
303,something is going on...
400,something is going on...
401,something is going on...
500,something is going on...
501,something is going on...
502,something is going on...
601,something is going on...
602,something is going on...
603,something is going on...
604,something is going on...
605,something is going on...
700,something is going on...
701,something is going on...
800,something is going on...
801,something is going on...
802,something is going on...
803,something is going on...
804,something is going on...
901,something is going on...
902,something is going on...
1000,something is going on...
1100,something is going on...
1200,something is going on...
1300,something is going on...
1400,something is going on...
1500,something is going on...
1600,something is going on...
1700,something is going on...
1800,something is going on...
1900,something is going on...
1901,something is going on...
1902,something is going on...
1903,something is going on...
1904,something is going on...
1905,something is going on...
2000,something is going on...
10001,
10002,
10003,
10004,
10005,
10006,
10007,
10008,
10009,
10010,
10011,
10012,
10013,
20001,
20002,
20003,
20004,
20005,
