1,Some thing is going on...
2,Some thing is going on...
3,Some thing is going on...
4,Some thing is going on...
10,Some thing is going on...
11,Some thing is going on...
12,Some thing is going on...
13,Some thing is going on...
14,Some thing is going on...
15,Some thing is going on...
101,Some thing is going on...
102,Some thing is going on...
103,Some thing is going on...
202,Some thing is going on...
203,Some thing is going on...
204,Some thing is going on...
205,Some thing is going on...
302,Some thing is going on...
303,Some thing is going on...
400,Some thing is going on...
401,Some thing is going on...
500,Some thing is going on...
501,Some thing is going on...
502,Some thing is going on...
601,Some thing is going on...
602,Some thing is going on...
603,Some thing is going on...
604,Some thing is going on...
605,Some thing is going on...
700,Some thing is going on...
701,Some thing is going on...
800,Some thing is going on...
801,Some thing is going on...
802,Some thing is going on...
803,Some thing is going on...
804,Some thing is going on...
901,Some thing is going on...
902,Some thing is going on...
1000,Some thing is going on...
1100,Some thing is going on...
1200,Some thing is going on...
1300,Some thing is going on...
1400,Some thing is going on...
1500,Some thing is going on...
1600,Some thing is going on...
1700,Some thing is going on...
1800,Some thing is going on...
1900,Some thing is going on...
1901,Some thing is going on...
1902,Some thing is going on...
1903,Some thing is going on...
1904,Some thing is going on...
1905,Some thing is going on...
